{"sections":{"hero_G7CAX9":{"type":"hero","blocks":{"text_KJqzT8":{"type":"text","settings":{"text":"<h2><br\/>Art & Digital Tools for Healing<\/h2>","width":"fit-content","max_width":"normal","alignment":"center","type_preset":"h1","font":"var(--font-heading--family)","font_size":"2.5rem","line_height":"normal","letter_spacing":"normal","case":"none","wrap":"pretty","color":"var(--color-foreground-heading)","background":false,"background_color":"#e6e6e6","corner_radius":0,"padding-block-start":0,"padding-block-end":0,"padding-inline-start":16,"padding-inline-end":16},"blocks":{}},"button_mkyAAe":{"type":"button","name":"t:names.button","settings":{"label":"Explore healing tools","link":"shopify:\/\/collections\/all","open_in_new_tab":false,"style_class":"button-secondary","width":"fit-content","custom_width":100,"width_mobile":"fit-content","custom_width_mobile":100},"blocks":{}}},"block_order":["text_KJqzT8","button_mkyAAe"],"name":"t:names.hero","settings":{"link":"","open_in_new_tab":false,"media_type_1":"image","image_1":"shopify:\/\/shop_images\/quiet_bloom_hero_banner.png","media_type_2":"image","content_direction":"column","vertical_on_mobile":true,"horizontal_alignment":"flex-start","vertical_alignment":"center","align_baseline":false,"horizontal_alignment_flex_direction_column":"center","vertical_alignment_flex_direction_column":"flex-end","gap":16,"section_width":"full-width","section_height":"medium","section_height_custom":50,"color_scheme":"scheme-d66bd7a5-ff8d-48cd-a319-f8a9e373cbd5","toggle_overlay":true,"overlay_color":"#00000030","overlay_style":"gradient","gradient_direction":"to top","blurred_reflection":false,"reflection_opacity":75,"padding-block-start":48,"padding-block-end":48}},"section":{"type":"section","blocks":{"text_jcLMz6":{"type":"text","name":"Heading","settings":{"text":"<p>Soft support for neurodiverse hearts: honest, unapologetic, and empowering.<\/p>","width":"fit-content","max_width":"narrow","alignment":"center","type_preset":"h2","font":"var(--font-primary--family)","font_size":"","line_height":"normal","letter_spacing":"normal","case":"none","wrap":"pretty","color":"var(--color-foreground)","background":true,"background_color":"#ffffff","corner_radius":0,"padding-block-start":0,"padding-block-end":0,"padding-inline-start":0,"padding-inline-end":0},"blocks":{}},"text_h9iMbG":{"type":"text","name":"Heading","settings":{"text":"<p>Healing resources for survivors of trauma and narcissistic abuse.<\/p>","width":"fit-content","max_width":"narrow","alignment":"center","type_preset":"h2","font":"var(--font-primary--family)","font_size":"","line_height":"normal","letter_spacing":"normal","case":"none","wrap":"pretty","color":"var(--color-foreground)","background":true,"background_color":"#ffffff","corner_radius":0,"padding-block-start":0,"padding-block-end":0,"padding-inline-start":0,"padding-inline-end":0},"blocks":{}},"button_ynEdzM":{"type":"button","name":"Button","settings":{"label":"Learn our story","link":"shopify:\/\/pages\/about","open_in_new_tab":false,"style_class":"link","width":"fit-content","custom_width":100,"width_mobile":"fit-content","custom_width_mobile":100},"blocks":{}}},"block_order":["text_jcLMz6","text_h9iMbG","button_ynEdzM"],"name":"Pull Quote","settings":{"content_direction":"column","vertical_on_mobile":true,"horizontal_alignment":"center","vertical_alignment":"center","align_baseline":false,"horizontal_alignment_flex_direction_column":"center","vertical_alignment_flex_direction_column":"center","gap":24,"section_width":"full-width","section_height":"","section_height_custom":50,"color_scheme":"scheme-d66bd7a5-ff8d-48cd-a319-f8a9e373cbd5","background_media":"none","video_position":"cover","background_image_position":"cover","border":"none","border_width":1,"border_opacity":100,"border_radius":0,"toggle_overlay":false,"overlay_color":"#00000026","overlay_style":"solid","gradient_direction":"to top","padding-block-start":60,"padding-block-end":60}},"media_with_content_HP7Qpp":{"type":"media-with-content","blocks":{"media":{"type":"_media-without-appearance","disabled":true,"static":true,"settings":{"media_type":"image","image":"shopify:\/\/shop_images\/quiet_bloom_logo.png","link":"","video_loop":true,"video_autoplay":false,"image_position":"cover","video_position":"cover"},"blocks":{}},"content":{"type":"_content-without-appearance","static":true,"settings":{"horizontal_alignment_flex_direction_column":"flex-start","vertical_alignment_flex_direction_column":"space-between","gap":24},"blocks":{"text_eEy4hr":{"type":"text","name":"t:names.text","settings":{"text":"<p>Featured Healing Collection<\/p>","width":"fit-content","max_width":"normal","alignment":"left","type_preset":"h3","font":"var(--font-primary--family)","font_size":"","line_height":"normal","letter_spacing":"normal","case":"none","wrap":"pretty","color":"","background":false,"background_color":"#00000026","corner_radius":0,"padding-block-start":0,"padding-block-end":0,"padding-inline-start":0,"padding-inline-end":0},"blocks":{}},"group_WG7cBJ":{"type":"group","name":"t:names.group","settings":{"link":"","open_in_new_tab":false,"content_direction":"column","vertical_on_mobile":true,"horizontal_alignment":"flex-start","vertical_alignment":"center","align_baseline":false,"horizontal_alignment_flex_direction_column":"flex-start","vertical_alignment_flex_direction_column":"center","gap":16,"width":"fill","custom_width":100,"width_mobile":"fill","custom_width_mobile":100,"height":"fit","custom_height":100,"inherit_color_scheme":true,"color_scheme":"","background_media":"none","video_position":"cover","background_image_position":"cover","border":"none","border_width":1,"border_opacity":100,"border_radius":0,"toggle_overlay":false,"overlay_color":"#00000026","overlay_style":"solid","gradient_direction":"to top","padding-block-start":0,"padding-block-end":0,"padding-inline-start":0,"padding-inline-end":0},"blocks":{"image_4jb8q6":{"type":"image","name":"t:names.image","settings":{"image":"shopify:\/\/shop_images\/quiet_bloom_logo.png","link":"","image_ratio":"adapt","width":"fit-content","custom_width":100,"width_mobile":"fit-content","custom_width_mobile":100,"height":"fit","border":"none","border_width":1,"border_opacity":100,"border_radius":0,"padding-block-start":0,"padding-block-end":0,"padding-inline-start":0,"padding-inline-end":0},"blocks":{}},"text_VzkkLz":{"type":"text","settings":{"text":"<p>This digital planner empowers survivors to find daily focus, calm, and resilience.<\/p>","width":"fit-content","max_width":"normal","alignment":"left","type_preset":"h3","font":"var(--font-primary--family)","font_size":"","line_height":"normal","letter_spacing":"normal","case":"none","wrap":"pretty","color":"","background":false,"background_color":"#00000026","corner_radius":0,"padding-block-start":0,"padding-block-end":0,"padding-inline-start":0,"padding-inline-end":0},"blocks":{}}},"block_order":["image_4jb8q6","text_VzkkLz"]},"button_UetELt":{"type":"button","settings":{"label":"Get the planner","link":"shopify:\/\/collections\/all","open_in_new_tab":false,"style_class":"link","width":"fit-content","custom_width":100,"width_mobile":"fit-content","custom_width_mobile":100},"blocks":{}}},"block_order":["text_eEy4hr","group_WG7cBJ","button_UetELt"]}},"name":"t:names.media_with_text","settings":{"media_position":"right","media_width":"narrow","media_height":"80svh","section_width":"page-width","extend_media":true,"color_scheme":"scheme-d66bd7a5-ff8d-48cd-a319-f8a9e373cbd5","padding-block-start":0,"padding-block-end":0}},"collection_list_3ejxRy":{"type":"collection-list","blocks":{"group_KNYFmf":{"type":"group","name":"t:names.header","settings":{"link":"","open_in_new_tab":false,"content_direction":"column","vertical_on_mobile":true,"horizontal_alignment":"flex-start","vertical_alignment":"center","align_baseline":false,"horizontal_alignment_flex_direction_column":"flex-start","vertical_alignment_flex_direction_column":"center","gap":8,"width":"fit-content","custom_width":100,"width_mobile":"fit-content","custom_width_mobile":100,"height":"fit","custom_height":100,"inherit_color_scheme":true,"color_scheme":"","background_media":"none","video_position":"cover","background_image_position":"cover","border":"none","border_width":1,"border_opacity":100,"border_radius":0,"toggle_overlay":false,"overlay_color":"#00000026","overlay_style":"solid","gradient_direction":"to top","padding-block-start":0,"padding-block-end":0,"padding-inline-start":0,"padding-inline-end":0},"blocks":{"text_J8QkkF":{"type":"text","name":"t:names.text","settings":{"text":"<p>SHOP HEALING TOOLS<\/p>","width":"fit-content","max_width":"normal","alignment":"left","type_preset":"h3","font":"var(--font-primary--family)","font_size":"","line_height":"normal","letter_spacing":"normal","case":"none","wrap":"pretty","color":"","background":false,"background_color":"#00000026","corner_radius":0,"padding-block-start":0,"padding-block-end":0,"padding-inline-start":0,"padding-inline-end":0},"blocks":{}},"text_EjD6fk":{"type":"text","name":"t:names.text","settings":{"text":"<p>Choose your path to healing<\/p>","width":"100%","max_width":"normal","alignment":"left","type_preset":"h5","font":"var(--font-primary--family)","font_size":"","line_height":"normal","letter_spacing":"normal","case":"none","wrap":"pretty","color":"var(--color-foreground-heading)","background":false,"background_color":"#00000026","corner_radius":0,"padding-block-start":0,"padding-block-end":16,"padding-inline-start":0,"padding-inline-end":0},"blocks":{}}},"block_order":["text_J8QkkF","text_EjD6fk"]},"static-collection-card":{"type":"_collection-card","name":"t:names.collection_card","static":true,"settings":{"placement":"on_image","horizontal_alignment":"flex-start","vertical_alignment":"flex-end","collection_card_gap":8,"inherit_color_scheme":false,"color_scheme":"scheme-3","border":"none","border_width":1,"border_opacity":100,"border_radius":0},"blocks":{"collection_title_dNxGHW":{"type":"collection-title","name":"t:names.collection_title","settings":{"width":"fit-content","max_width":"normal","alignment":"left","type_preset":"h4","font":"var(--font-body--family)","font_size":"1rem","line_height":"normal","letter_spacing":"normal","case":"none","wrap":"pretty","color":"var(--color-foreground)","background":false,"background_color":"#00000026","corner_radius":0,"padding-block-start":0,"padding-block-end":0,"padding-inline-start":0,"padding-inline-end":0},"blocks":{}},"collection-card-image":{"type":"_collection-card-image","static":true,"settings":{"image_ratio":"square","toggle_overlay":false,"overlay_color":"#00000026","overlay_style":"solid","gradient_direction":"to top","border":"none","border_width":1,"border_opacity":100,"border_radius":0},"blocks":{}}},"block_order":["collection_title_dNxGHW"]}},"block_order":["group_KNYFmf"],"disabled":true,"name":"t:names.collections_bento","settings":{"collection_list":["apparel-accessories","digital-planners-e-books"],"layout_type":"bento","carousel_on_mobile":false,"columns":4,"mobile_columns":"2","columns_gap":8,"bento_gap":8,"rows_gap":8,"max_collections":4,"icons_style":"arrow","icons_shape":"none","section_width":"page-width","gap":12,"color_scheme":"scheme-d66bd7a5-ff8d-48cd-a319-f8a9e373cbd5","padding-block-start":80,"padding-block-end":24}},"section_AwqbhL":{"type":"section","blocks":{"image_49iVPa":{"type":"image","settings":{"link":"","image_ratio":"square","width":"fill","custom_width":100,"width_mobile":"fill","custom_width_mobile":100,"height":"fit","border":"none","border_width":1,"border_opacity":100,"border_radius":0,"padding-block-start":0,"padding-block-end":0,"padding-inline-start":0,"padding-inline-end":0},"blocks":{}},"group_4Md8rc":{"type":"group","settings":{"link":"","open_in_new_tab":false,"content_direction":"column","vertical_on_mobile":true,"horizontal_alignment":"flex-start","vertical_alignment":"center","align_baseline":false,"horizontal_alignment_flex_direction_column":"flex-start","vertical_alignment_flex_direction_column":"center","gap":12,"width":"custom","custom_width":100,"width_mobile":"fill","custom_width_mobile":100,"height":"fit","custom_height":100,"inherit_color_scheme":true,"color_scheme":"","background_media":"none","video_position":"cover","background_image_position":"cover","border":"none","border_width":1,"border_opacity":100,"border_radius":0,"toggle_overlay":false,"overlay_color":"#00000026","overlay_style":"solid","gradient_direction":"to top","padding-block-start":0,"padding-block-end":0,"padding-inline-start":0,"padding-inline-end":0},"blocks":{"text_4h7GqA":{"type":"text","name":"t:names.heading","settings":{"text":"<p>Empowering your healing journey<\/p>","width":"fit-content","max_width":"normal","alignment":"left","type_preset":"h3","font":"var(--font-body--family)","font_size":"1rem","line_height":"normal","letter_spacing":"normal","case":"none","wrap":"pretty","color":"var(--color-foreground)","background":false,"background_color":"#00000026","corner_radius":0,"padding-block-start":0,"padding-block-end":0,"padding-inline-start":0,"padding-inline-end":0},"blocks":{}},"text_QFjG7d":{"type":"text","settings":{"text":"<p>We design soft, supportive resources to help you process trauma and grow at your own pace. Our tools – from clothing to planners – uplift neurodivergent hearts seeking clarity and calm.<\/p>","width":"fit-content","max_width":"narrow","alignment":"left","type_preset":"rte","font":"var(--font-body--family)","font_size":"1rem","line_height":"normal","letter_spacing":"normal","case":"none","wrap":"pretty","color":"var(--color-foreground)","background":false,"background_color":"#00000026","corner_radius":0,"padding-block-start":0,"padding-block-end":0,"padding-inline-start":0,"padding-inline-end":0},"blocks":{}},"button_igptqk":{"type":"button","settings":{"label":"Browse healing tools","link":"shopify:\/\/collections\/all","open_in_new_tab":false,"style_class":"button","width":"fit-content","custom_width":100,"width_mobile":"fit-content","custom_width_mobile":100},"blocks":{}}},"block_order":["text_4h7GqA","text_QFjG7d","button_igptqk"]}},"block_order":["image_49iVPa","group_4Md8rc"],"name":"t:names.image_with_text","settings":{"content_direction":"row","vertical_on_mobile":true,"horizontal_alignment":"flex-start","vertical_alignment":"center","align_baseline":false,"horizontal_alignment_flex_direction_column":"flex-start","vertical_alignment_flex_direction_column":"center","gap":32,"section_width":"page-width","section_height":"","section_height_custom":50,"color_scheme":"scheme-d66bd7a5-ff8d-48cd-a319-f8a9e373cbd5","background_media":"none","video_position":"cover","background_image_position":"cover","border":"none","border_width":1,"border_opacity":100,"border_radius":0,"toggle_overlay":false,"overlay_color":"#00000026","overlay_style":"solid","gradient_direction":"to top","padding-block-start":40,"padding-block-end":40}}},"order":["hero_G7CAX9","section","media_with_content_HP7Qpp","collection_list_3ejxRy","section_AwqbhL"]}