{"sections":{"main":{"type":"main-page","blocks":{"heading":{"type":"text","name":"Title","settings":{"text":"<h1>{{ closest.page.title }}<\/h1>","width":"100%","max_width":"normal","alignment":"left","type_preset":"h2","font":"var(--font-body--family)","font_size":"1rem","line_height":"normal","letter_spacing":"normal","case":"none","wrap":"pretty","color":"var(--color-foreground)","background":false,"background_color":"#00000026","corner_radius":0,"padding-block-start":0,"padding-block-end":0,"padding-inline-start":0,"padding-inline-end":0},"blocks":{}},"page-content":{"type":"page-content","settings":{},"blocks":{}}},"block_order":["heading","page-content"],"settings":{"content_direction":"column","gap":30,"color_scheme":"scheme-8770e066-e994-4d0f-953e-d1df4d82406a","padding-block-start":40,"padding-block-end":80}}},"order":["main"]}