{"type":"footer","name":"Footer","sections":{"footer":{"type":"footer","blocks":{"group_EhRy4V":{"type":"group","name":"Top","settings":{"link":"","open_in_new_tab":false,"content_direction":"column","vertical_on_mobile":true,"horizontal_alignment":"flex-start","vertical_alignment":"center","align_baseline":false,"horizontal_alignment_flex_direction_column":"flex-start","vertical_alignment_flex_direction_column":"center","gap":12,"width":"fill","custom_width":100,"width_mobile":"fill","custom_width_mobile":100,"height":"fit","custom_height":100,"inherit_color_scheme":true,"color_scheme":"","background_media":"none","video_position":"cover","background_image_position":"cover","border":"none","border_width":1,"border_opacity":100,"border_radius":0,"toggle_overlay":false,"overlay_color":"#00000026","overlay_style":"solid","gradient_direction":"to top","padding-block-start":60,"padding-block-end":60,"padding-inline-start":0,"padding-inline-end":0},"blocks":{"text_eadEPN":{"type":"text","name":"Heading","settings":{"text":"<p>Join our healing community<\/p>","width":"100%","max_width":"normal","alignment":"left","type_preset":"h6","font":"var(--font-primary--family)","font_size":"","line_height":"normal","letter_spacing":"normal","case":"none","wrap":"pretty","color":"","background":false,"background_color":"#00000026","corner_radius":0,"padding-block-start":0,"padding-block-end":0,"padding-inline-start":0,"padding-inline-end":0},"blocks":{}},"email_signup_Hxz43h":{"type":"email-signup","name":"t:names.email_signup","settings":{"width":"fill","custom_width":100,"inherit_color_scheme":true,"color_scheme":"scheme-4","border_style":"underline","border_width":1,"border_radius":100,"input_type_preset":"h3","style_class":"button-unstyled","display_type":"text","label":"Join now","integrated_button":false,"button_type_preset":"h4","padding-block-start":0,"padding-block-end":0,"padding-inline-start":0,"padding-inline-end":0},"blocks":{}}},"block_order":["text_eadEPN","email_signup_Hxz43h"]},"group_NEzhmq":{"type":"group","name":"Middle","settings":{"link":"","open_in_new_tab":false,"content_direction":"row","vertical_on_mobile":true,"horizontal_alignment":"flex-start","vertical_alignment":"center","align_baseline":false,"horizontal_alignment_flex_direction_column":"flex-start","vertical_alignment_flex_direction_column":"center","gap":12,"width":"fill","custom_width":100,"width_mobile":"fill","custom_width_mobile":100,"height":"fit","custom_height":100,"inherit_color_scheme":true,"color_scheme":"","background_media":"none","video_position":"cover","background_image_position":"cover","border":"none","border_width":1,"border_opacity":100,"border_radius":0,"toggle_overlay":false,"overlay_color":"#00000026","overlay_style":"solid","gradient_direction":"to top","padding-block-start":0,"padding-block-end":60,"padding-inline-start":0,"padding-inline-end":0},"blocks":{"group_kehRaY":{"type":"group","name":"Logo","settings":{"link":"","open_in_new_tab":false,"content_direction":"column","vertical_on_mobile":true,"horizontal_alignment":"flex-start","vertical_alignment":"flex-start","align_baseline":false,"horizontal_alignment_flex_direction_column":"flex-start","vertical_alignment_flex_direction_column":"center","gap":12,"width":"custom","custom_width":50,"width_mobile":"fill","custom_width_mobile":100,"height":"fit","custom_height":100,"inherit_color_scheme":true,"color_scheme":"","background_media":"none","video_position":"cover","background_image_position":"cover","border":"none","border_width":1,"border_opacity":100,"border_radius":0,"toggle_overlay":false,"overlay_color":"#00000026","overlay_style":"solid","gradient_direction":"to top","padding-block-start":0,"padding-block-end":0,"padding-inline-start":0,"padding-inline-end":0},"blocks":{"logo_MhzLAa":{"type":"logo","name":"t:names.logo","settings":{"inverse":false,"font":"heading","unit":"percent","percent_width":70,"pixel_height":48,"custom_mobile_size":true,"unit_mobile":"percent","percent_width_mobile":100,"pixel_height_mobile":120,"padding-block-start":0,"padding-block-end":0,"padding-inline-start":0,"padding-inline-end":0},"blocks":{}}},"block_order":["logo_MhzLAa"]},"group_TVdBD6":{"type":"group","name":"Footer Menu","settings":{"link":"","open_in_new_tab":false,"content_direction":"row","vertical_on_mobile":true,"horizontal_alignment":"flex-start","vertical_alignment":"flex-start","align_baseline":false,"horizontal_alignment_flex_direction_column":"flex-start","vertical_alignment_flex_direction_column":"flex-start","gap":24,"width":"custom","custom_width":50,"width_mobile":"fill","custom_width_mobile":100,"height":"fit","custom_height":100,"inherit_color_scheme":true,"color_scheme":"scheme-1","background_media":"none","video_position":"cover","background_image_position":"cover","border":"none","border_width":1,"border_opacity":100,"border_radius":0,"toggle_overlay":false,"overlay_color":"#00000026","overlay_style":"solid","gradient_direction":"to top","padding-block-start":0,"padding-block-end":0,"padding-inline-start":0,"padding-inline-end":0},"blocks":{"divider_keDjEB":{"type":"_divider","name":"t:names.divider","settings":{"thickness":1,"corner_radius":"square","width_percent":100,"padding-block-start":0,"padding-block-end":0},"blocks":{}},"group_DqewxF":{"type":"group","name":"Menu 1","settings":{"link":"","open_in_new_tab":false,"content_direction":"row","vertical_on_mobile":true,"horizontal_alignment":"flex-start","vertical_alignment":"center","align_baseline":false,"horizontal_alignment_flex_direction_column":"flex-start","vertical_alignment_flex_direction_column":"center","gap":30,"width":"fill","custom_width":100,"width_mobile":"fill","custom_width_mobile":100,"height":"fit","custom_height":100,"inherit_color_scheme":true,"color_scheme":"","background_media":"none","video_position":"cover","background_image_position":"cover","border":"none","border_width":1,"border_opacity":100,"border_radius":0,"toggle_overlay":false,"overlay_color":"#00000026","overlay_style":"solid","gradient_direction":"to top","padding-block-start":0,"padding-block-end":0,"padding-inline-start":0,"padding-inline-end":0},"blocks":{"menu_WyxacW":{"type":"menu","name":"t:names.menu","settings":{"menu":"footer","heading":"SHOP","menu_spacing":12,"show_as_accordion":false,"accordion_icon":"caret","accordion_dividers":false,"inherit_color_scheme":true,"color_scheme":"","heading_preset":"h6","link_preset":"paragraph","padding-block-start":0,"padding-block-end":0,"padding-inline-start":0,"padding-inline-end":0},"blocks":{}}},"block_order":["menu_WyxacW"]},"divider_W9XhV6":{"type":"_divider","name":"t:names.divider","settings":{"thickness":1,"corner_radius":"square","width_percent":100,"padding-block-start":0,"padding-block-end":0},"blocks":{}},"group_kwp6Jp":{"type":"group","name":"Menu 2","settings":{"link":"","open_in_new_tab":false,"content_direction":"row","vertical_on_mobile":true,"horizontal_alignment":"flex-start","vertical_alignment":"center","align_baseline":false,"horizontal_alignment_flex_direction_column":"flex-start","vertical_alignment_flex_direction_column":"center","gap":30,"width":"fill","custom_width":54,"width_mobile":"fill","custom_width_mobile":100,"height":"fit","custom_height":100,"inherit_color_scheme":true,"color_scheme":"","background_media":"none","video_position":"cover","background_image_position":"cover","border":"none","border_width":1,"border_opacity":100,"border_radius":0,"toggle_overlay":false,"overlay_color":"#00000026","overlay_style":"solid","gradient_direction":"to top","padding-block-start":0,"padding-block-end":0,"padding-inline-start":0,"padding-inline-end":0},"blocks":{"menu_iwpjC7":{"type":"menu","name":"t:names.menu","settings":{"menu":"","heading":"CUSTOMER CARE","menu_spacing":12,"show_as_accordion":false,"accordion_icon":"caret","accordion_dividers":false,"inherit_color_scheme":true,"color_scheme":"","heading_preset":"h6","link_preset":"paragraph","padding-block-start":0,"padding-block-end":0,"padding-inline-start":0,"padding-inline-end":0},"blocks":{}}},"block_order":["menu_iwpjC7"]},"divider_NEGcYD":{"type":"_divider","name":"t:names.divider","settings":{"thickness":1,"corner_radius":"square","width_percent":100,"padding-block-start":0,"padding-block-end":0},"blocks":{}},"group_6Byn9h":{"type":"group","name":"Menu 3","settings":{"link":"","open_in_new_tab":false,"content_direction":"row","vertical_on_mobile":true,"horizontal_alignment":"flex-start","vertical_alignment":"center","align_baseline":false,"horizontal_alignment_flex_direction_column":"flex-start","vertical_alignment_flex_direction_column":"center","gap":30,"width":"fill","custom_width":100,"width_mobile":"fill","custom_width_mobile":100,"height":"fit","custom_height":100,"inherit_color_scheme":true,"color_scheme":"","background_media":"none","video_position":"cover","background_image_position":"cover","border":"none","border_width":1,"border_opacity":100,"border_radius":0,"toggle_overlay":false,"overlay_color":"#00000026","overlay_style":"solid","gradient_direction":"to top","padding-block-start":0,"padding-block-end":0,"padding-inline-start":0,"padding-inline-end":0},"blocks":{"menu_VNrWhD":{"type":"menu","name":"t:names.menu","settings":{"menu":"","heading":"INFORMATION","menu_spacing":12,"show_as_accordion":false,"accordion_icon":"caret","accordion_dividers":false,"inherit_color_scheme":true,"color_scheme":"","heading_preset":"h6","link_preset":"paragraph","padding-block-start":0,"padding-block-end":0,"padding-inline-start":0,"padding-inline-end":0},"blocks":{}}},"block_order":["menu_VNrWhD"]}},"block_order":["divider_keDjEB","group_DqewxF","divider_W9XhV6","group_kwp6Jp","divider_NEGcYD","group_6Byn9h"]}},"block_order":["group_kehRaY","group_TVdBD6"]},"group_Q3CmBH":{"type":"group","name":"Bottom","settings":{"link":"","open_in_new_tab":false,"content_direction":"column","vertical_on_mobile":true,"horizontal_alignment":"flex-start","vertical_alignment":"center","align_baseline":false,"horizontal_alignment_flex_direction_column":"flex-start","vertical_alignment_flex_direction_column":"center","gap":12,"width":"fill","custom_width":100,"width_mobile":"fill","custom_width_mobile":100,"height":"fit","custom_height":100,"inherit_color_scheme":true,"color_scheme":"","background_media":"none","video_position":"cover","background_image_position":"cover","border":"none","border_width":1,"border_opacity":100,"border_radius":0,"toggle_overlay":false,"overlay_color":"#00000026","overlay_style":"solid","gradient_direction":"to top","padding-block-start":0,"padding-block-end":0,"padding-inline-start":0,"padding-inline-end":0},"blocks":{"footer_utilities_QqYmHz":{"type":"footer-utilities","name":"t:names.footer_utilities","settings":{"divider_thickness":1,"padding-block-start":20,"padding-block-end":20},"blocks":{"copyright":{"type":"_footer-copyright","static":true,"settings":{"font_size":"0.75rem","case":"none"},"blocks":{}},"policy_list":{"type":"_footer-policy-list","static":true,"settings":{"font_size":"0.75rem","case":"none"},"blocks":{}},"social_icons":{"type":"_footer-social-icons","static":true,"settings":{},"blocks":{"social_link_XTdjeT":{"type":"_social-link","name":"Facebook","settings":{"link":"https:\/\/www.facebook.com\/shopify"},"blocks":{}},"social_link_hdaDYh":{"type":"_social-link","name":"Instagram","settings":{"link":"https:\/\/www.instagram.com\/shopify\/#"},"blocks":{}},"social_link_beBJBk":{"type":"_social-link","name":"TikTok","settings":{"link":"https:\/\/www.tiktok.com\/@shopify"},"blocks":{}},"social_link_AqGGwy":{"type":"_social-link","name":"X \/ Twitter","settings":{"link":"https:\/\/twitter.com\/shopify"},"blocks":{}},"social_link_FKNVDa":{"type":"_social-link","name":"YouTube","settings":{"link":"https:\/\/www.youtube.com\/shopify"},"blocks":{}}},"block_order":["social_link_XTdjeT","social_link_hdaDYh","social_link_beBJBk","social_link_AqGGwy","social_link_FKNVDa"]}},"block_order":[]}},"block_order":["footer_utilities_QqYmHz"]}},"block_order":["group_EhRy4V","group_NEzhmq","group_Q3CmBH"],"settings":{"content_direction":"column","vertical_on_mobile":true,"horizontal_alignment":"flex-start","vertical_alignment":"center","align_baseline":false,"horizontal_alignment_flex_direction_column":"flex-start","vertical_alignment_flex_direction_column":"center","gap":12,"section_width":"page-width","section_height":"","color_scheme":"scheme-d66bd7a5-ff8d-48cd-a319-f8a9e373cbd5","background_media":"none","video_position":"cover","background_image_position":"cover","padding-block-start":0,"padding-block-end":0}}},"order":["footer"]}