{"type":"header","name":"Header","sections":{"header_announcements_pbXTDf":{"type":"header-announcements","blocks":{"announcement_KMAGKG":{"type":"_announcement","settings":{"text":"<em><strong>Grow gently. Live deeply.<\/strong><\/em>","link":"shopify:\/\/collections\/sale","font":"var(--font-accent--family)","font_size":"0.75rem","weight":"","letter_spacing":"loose","case":"uppercase"},"blocks":{}}},"block_order":["announcement_KMAGKG"],"name":"t:names.announcement_bar","settings":{"speed":5,"section_width":"full-width","color_scheme":"scheme-8770e066-e994-4d0f-953e-d1df4d82406a","divider_width":1.5,"padding-block-start":28,"padding-block-end":35}},"header_section":{"type":"header","blocks":{"header-logo":{"type":"_header-logo","static":true,"settings":{"hide_logo_on_home_page":false,"custom_height":30,"custom_height_mobile":25,"padding-block-start":8,"padding-block-end":8,"padding-inline-start":8,"padding-inline-end":8},"blocks":{}},"header-menu":{"type":"_header-menu","static":true,"settings":{"menu":"main-menu","menu_style":"featured_collections","featured_products_aspect_ratio":"4 \/ 5","featured_collections_aspect_ratio":"16 \/ 9","image_border_radius":0,"product_title_case":"default","collection_title_case":"default","color_scheme":"scheme-8770e066-e994-4d0f-953e-d1df4d82406a","menu_font_style":"inverse","type_font_primary_link":"secondary","type_font_primary_size":"var(--font-size--body-md)","type_case_primary_link":"none","type_font_secondary_link":"secondary","type_case_secondary_link":"none","type_font_tertiary_link":"secondary","type_case_tertiary_link":"none","navigation_bar":false,"color_scheme_navigation_bar":"","drawer_accordion":false,"drawer_accordion_expand_first":false,"drawer_dividers":false},"blocks":{}}},"settings":{"logo_position":"left","menu_position":"center","menu_row":"bottom","show_search":true,"search_position":"left","search_row":"top","show_country":true,"country_selector_style":true,"show_language":true,"localization_font":"heading","localization_font_size":"1rem","localization_position":"right","localization_row":"top","section_width":"page-width","section_height":"standard","enable_sticky_header":"never","divider_width":1,"divider_size":"page-width","border_width":1,"color_scheme_top":"scheme-d66bd7a5-ff8d-48cd-a319-f8a9e373cbd5","color_scheme_bottom":"scheme-d66bd7a5-ff8d-48cd-a319-f8a9e373cbd5","color_scheme_transparent":"scheme-6","enable_transparent_header_home":false,"home_color_scheme":"default","enable_transparent_header_product":false,"product_color_scheme":"default","enable_transparent_header_collection":false,"collection_color_scheme":"default"}}},"order":["header_announcements_pbXTDf","header_section"]}