{"current":{"logo":"shopify:\/\/shop_images\/Shop_icon_58549e62-a8d4-46f3-b8a7-3698e7c58e6e.png","favicon":"shopify:\/\/shop_images\/Shop_icon_58549e62-a8d4-46f3-b8a7-3698e7c58e6e.png","type_body_font":"poppins_n4","type_subheading_font":"poppins_n4","type_heading_font":"red_hat_display_n4","type_accent_font":"red_hat_display_n5","type_size_paragraph":"16","type_font_h1":"heading","type_size_h2":"40","type_font_h3":"subheading","type_size_h3":"24","type_font_h4":"accent","type_size_h4":"18","type_letter_spacing_h4":"heading-loose","type_case_h4":"uppercase","type_size_h5":"16","type_font_h6":"accent","type_size_h6":"12","type_line_height_h6":"display-normal","type_letter_spacing_h6":"heading-loose","type_case_h6":"uppercase","page_width":"normal","badge_corner_radius":0,"badge_sale_color_scheme":"scheme-2","badge_sold_out_color_scheme":"scheme-4","badge_font_family":"accent","badge_text_transform":"uppercase","button_border_radius_primary":0,"secondary_button_border_width":0,"button_border_radius_secondary":0,"cart_type":"drawer","auto_open_cart_drawer":true,"inputs_border_radius":0,"type_preset":"paragraph","popover_border":"none","currency_code_enabled_product_pages":false,"currency_code_enabled_product_cards":false,"quick_add_color_scheme":"scheme-8770e066-e994-4d0f-953e-d1df4d82406a","variant_swatch_radius":0,"variant_button_radius":0,"variant_button_width":"default-width-buttons","content_for_index":[],"color_schemes":{"scheme-1":{"settings":{"background":"#ffffff","foreground_heading":"#000000","foreground":"#000000b5","primary":"#000000b5","primary_hover":"#000000","border":"#eae8e6","shadow":"#000000","primary_button_background":"#000000","primary_button_text":"#ffffff","primary_button_border":"#000000","primary_button_hover_background":"#000000b5","primary_button_hover_text":"#ffffff","primary_button_hover_border":"#000000","secondary_button_background":"#e6e6e6","secondary_button_text":"#000000","secondary_button_border":"#000000","secondary_button_hover_background":"#000000b5","secondary_button_hover_text":"#ffffff","secondary_button_hover_border":"#000000b5","input_background":"#ffffff","input_text_color":"#000000","input_border_color":"#eae8e6","input_hover_background":"#f5f5f5","variant_background_color":"#ffffff","variant_text_color":"#000000","variant_border_color":"#eae8e6","variant_hover_background_color":"#f5f5f5","variant_hover_text_color":"#000000","variant_hover_border_color":"#e6e6e6","selected_variant_background_color":"#000000","selected_variant_text_color":"#ffffff","selected_variant_border_color":"#000000","selected_variant_hover_background_color":"#1a1a1a","selected_variant_hover_text_color":"#ffffff","selected_variant_hover_border_color":"#1a1a1a"}},"scheme-2":{"settings":{"background":"#7d5449","foreground_heading":"#ffffff","foreground":"#ffffffcf","primary":"#ffffff","primary_hover":"#ffffff7d","border":"#e6e6e6","shadow":"#000000","primary_button_background":"#000000b5","primary_button_text":"#ffffff","primary_button_border":"#000000","primary_button_hover_background":"#000000","primary_button_hover_text":"#ffffff","primary_button_hover_border":"#000000b5","secondary_button_background":"#ffffff99","secondary_button_text":"#000000","secondary_button_border":"#ffffff99","secondary_button_hover_background":"#ffffff","secondary_button_hover_text":"#000000","secondary_button_hover_border":"#ffffff","input_background":"#ffffff99","input_text_color":"#000000","input_border_color":"rgba(0,0,0,0)","input_hover_background":"#ffffffad","variant_background_color":"#ffffff99","variant_text_color":"#000000","variant_border_color":"rgba(0,0,0,0)","variant_hover_background_color":"#f5f5f5","variant_hover_text_color":"#000000","variant_hover_border_color":"#e6e6e6","selected_variant_background_color":"#000000b5","selected_variant_text_color":"#ffffff","selected_variant_border_color":"#000000b5","selected_variant_hover_background_color":"#54352e","selected_variant_hover_text_color":"#ffffff","selected_variant_hover_border_color":"#54352e"}},"scheme-3":{"settings":{"background":"#454f55","foreground_heading":"#ffffff","foreground":"#ffffff","primary":"#efefef","primary_hover":"#ffffff7d","border":"#e6e6e6","shadow":"#000000","primary_button_background":"#000000b5","primary_button_text":"#ffffff","primary_button_border":"#000000b5","primary_button_hover_background":"#000000","primary_button_hover_text":"#ffffff","primary_button_hover_border":"#000000","secondary_button_background":"#ffffff99","secondary_button_text":"#000000","secondary_button_border":"#ffffff99","secondary_button_hover_background":"#ffffff","secondary_button_hover_text":"#000000","secondary_button_hover_border":"#ffffff","input_background":"#ffffff99","input_text_color":"#000000","input_border_color":"#ffffff99","input_hover_background":"#ffffffad","variant_background_color":"#ffffff","variant_text_color":"#000000","variant_border_color":"#e6e6e6","variant_hover_background_color":"#f5f5f5","variant_hover_text_color":"#000000","variant_hover_border_color":"#e6e6e6","selected_variant_background_color":"#000000","selected_variant_text_color":"#ffffff","selected_variant_border_color":"#000000","selected_variant_hover_background_color":"#1a1a1a","selected_variant_hover_text_color":"#ffffff","selected_variant_hover_border_color":"#1a1a1a"}},"scheme-4":{"settings":{"background":"#efd7d7","foreground_heading":"#433625e0","foreground":"#433625","primary":"#52504e","primary_hover":"#000000","border":"#43362526","shadow":"#000000","primary_button_background":"#efd7d7","primary_button_text":"#ffffff","primary_button_border":"#433625","primary_button_hover_background":"#000000","primary_button_hover_text":"#ffffff","primary_button_hover_border":"#000000","secondary_button_background":"#efd7d7","secondary_button_text":"#433625","secondary_button_border":"#ffffff99","secondary_button_hover_background":"#ffffff","secondary_button_hover_text":"#433625","secondary_button_hover_border":"#ffffff","input_background":"#efd7d7","input_text_color":"#433625","input_border_color":"#43362526","input_hover_background":"#ffffffad","variant_background_color":"#ffffff","variant_text_color":"#433625","variant_border_color":"#e6e6e6","variant_hover_background_color":"#f5f5f5","variant_hover_text_color":"#000000","variant_hover_border_color":"#f5f5f5","selected_variant_background_color":"#433625","selected_variant_text_color":"#ffffff","selected_variant_border_color":"#433625","selected_variant_hover_background_color":"#1a1a1a","selected_variant_hover_text_color":"#ffffff","selected_variant_hover_border_color":"#1a1a1a"}},"scheme-5":{"settings":{"background":"#3e4539","foreground_heading":"#ffffff","foreground":"#ffffff","primary":"#ffffff","primary_hover":"#eae8e6","border":"#eae8e6","shadow":"#000000","primary_button_background":"#000000","primary_button_text":"#ffffff","primary_button_border":"#000000","primary_button_hover_background":"#e6e6e6","primary_button_hover_text":"#000000","primary_button_hover_border":"#e6e6e6","secondary_button_background":"#ffffff99","secondary_button_text":"#000000","secondary_button_border":"#ffffff99","secondary_button_hover_background":"#ffffff","secondary_button_hover_text":"#000000","secondary_button_hover_border":"#ffffff","input_background":"#ffffff","input_text_color":"#000000","input_border_color":"#00000014","input_hover_background":"#f5f5f5","variant_background_color":"#3e4539","variant_text_color":"#ffffff","variant_border_color":"#e6e6e6","variant_hover_background_color":"#6b7464","variant_hover_text_color":"#ffffff","variant_hover_border_color":"#e6e6e6","selected_variant_background_color":"#ffffff","selected_variant_text_color":"#3e4539","selected_variant_border_color":"#3e4539","selected_variant_hover_background_color":"#ffffff26","selected_variant_hover_text_color":"#3e4539","selected_variant_hover_border_color":"#3e4539"}},"scheme-6":{"settings":{"background":"rgba(0,0,0,0)","foreground_heading":"#ffffff","foreground":"#ffffff","primary":"#ffffff","primary_hover":"#e6e6e6","border":"rgba(0,0,0,0)","shadow":"rgba(0,0,0,0)","primary_button_background":"#ffffff","primary_button_text":"#000000","primary_button_border":"#ffffff","primary_button_hover_background":"#000000b5","primary_button_hover_text":"#ffffff","primary_button_hover_border":"#000000b5","secondary_button_background":"#ffffff99","secondary_button_text":"#000000","secondary_button_border":"#ffffff99","secondary_button_hover_background":"#000000b5","secondary_button_hover_text":"#ffffff","secondary_button_hover_border":"#000000b5","input_background":"#ffffff99","input_text_color":"#000000","input_border_color":"#ffffff99","input_hover_background":"#f5f5f5","variant_background_color":"#ffffff","variant_text_color":"#000000","variant_border_color":"#e6e6e6","variant_hover_background_color":"#f5f5f5","variant_hover_text_color":"#000000","variant_hover_border_color":"#e6e6e6","selected_variant_background_color":"#000000","selected_variant_text_color":"#ffffff","selected_variant_border_color":"#000000","selected_variant_hover_background_color":"#1a1a1a","selected_variant_hover_text_color":"#ffffff","selected_variant_hover_border_color":"#1a1a1a"}},"scheme-7":{"settings":{"background":"rgba(0,0,0,0)","foreground_heading":"#000000","foreground":"#000000","primary":"#000000","primary_hover":"#000000b5","border":"#e6e6e6","shadow":"#000000","primary_button_background":"#000000","primary_button_text":"#ffffff","primary_button_border":"#000000","primary_button_hover_background":"#000000b5","primary_button_hover_text":"#ffffff","primary_button_hover_border":"#000000b5","secondary_button_background":"#e6e6e6","secondary_button_text":"#000000","secondary_button_border":"#e6e6e6","secondary_button_hover_background":"#000000b5","secondary_button_hover_text":"#ffffff","secondary_button_hover_border":"#000000b5","input_background":"#ffffff","input_text_color":"#000000","input_border_color":"#000000","input_hover_background":"#f5f5f5","variant_background_color":"#ffffff","variant_text_color":"#000000","variant_border_color":"#e6e6e6","variant_hover_background_color":"#f5f5f5","variant_hover_text_color":"#000000","variant_hover_border_color":"#e6e6e6","selected_variant_background_color":"#000000","selected_variant_text_color":"#ffffff","selected_variant_border_color":"#000000","selected_variant_hover_background_color":"#1a1a1a","selected_variant_hover_text_color":"#ffffff","selected_variant_hover_border_color":"#1a1a1a"}},"scheme-8770e066-e994-4d0f-953e-d1df4d82406a":{"settings":{"background":"#ffffff","foreground_heading":"#000000","foreground":"#000000b5","primary":"#000000b5","primary_hover":"#000000","border":"#eae8e6","shadow":"#000000","primary_button_background":"#000000","primary_button_text":"#ffffff","primary_button_border":"#000000","primary_button_hover_background":"#000000b5","primary_button_hover_text":"#ffffff","primary_button_hover_border":"#000000","secondary_button_background":"#e6e6e6","secondary_button_text":"#000000","secondary_button_border":"#000000","secondary_button_hover_background":"#000000b5","secondary_button_hover_text":"#ffffff","secondary_button_hover_border":"#000000b5","input_background":"#ffffff","input_text_color":"#000000","input_border_color":"#eae8e6","input_hover_background":"#f5f5f5","variant_background_color":"#ffffff","variant_text_color":"#000000","variant_border_color":"#eae8e6","variant_hover_background_color":"#f5f5f5","variant_hover_text_color":"#000000","variant_hover_border_color":"#e6e6e6","selected_variant_background_color":"#000000","selected_variant_text_color":"#ffffff","selected_variant_border_color":"#000000","selected_variant_hover_background_color":"#1a1a1a","selected_variant_hover_text_color":"#ffffff","selected_variant_hover_border_color":"#1a1a1a"}},"scheme-d66bd7a5-ff8d-48cd-a319-f8a9e373cbd5":{"settings":{"background":"#f5efea","foreground_heading":"#000000","foreground":"#000000b5","primary":"#a7dcc4b5","primary_hover":"#d4b5d4b5","border":"#f4c2c2b5","shadow":"#000000","primary_button_background":"#a7dcc4","primary_button_text":"#000000","primary_button_border":"#f4c2c2","primary_button_hover_background":"#d4b5d4b5","primary_button_hover_text":"#ffffff","primary_button_hover_border":"#000000","secondary_button_background":"#e6e6e6","secondary_button_text":"#000000","secondary_button_border":"#000000","secondary_button_hover_background":"#000000b5","secondary_button_hover_text":"#ffffff","secondary_button_hover_border":"#000000b5","input_background":"#ffffff","input_text_color":"#000000","input_border_color":"#eae8e6","input_hover_background":"#f5f5f5","variant_background_color":"#ffffff","variant_text_color":"#000000","variant_border_color":"#eae8e6","variant_hover_background_color":"#f5f5f5","variant_hover_text_color":"#000000","variant_hover_border_color":"#e6e6e6","selected_variant_background_color":"#000000","selected_variant_text_color":"#ffffff","selected_variant_border_color":"#000000","selected_variant_hover_background_color":"#1a1a1a","selected_variant_hover_text_color":"#ffffff","selected_variant_hover_border_color":"#1a1a1a"}}}},"presets":{"Dwell":{"color_schemes":{"scheme-1":{"settings":{"background":"#ffffff","foreground_heading":"#000000","foreground":"#000000b5","primary":"#000000b5","primary_hover":"#000000","border":"#eae8e6","shadow":"#000000","primary_button_background":"#000000","primary_button_text":"#ffffff","primary_button_border":"#000000","primary_button_hover_background":"#000000b5","primary_button_hover_text":"#ffffff","primary_button_hover_border":"#000000","secondary_button_background":"#e6e6e6","secondary_button_text":"#000000","secondary_button_border":"#000000","secondary_button_hover_background":"#000000b5","secondary_button_hover_text":"#ffffff","secondary_button_hover_border":"#000000b5","input_background":"#ffffff","input_text_color":"#000000","input_border_color":"#eae8e6","input_hover_background":"#f5f5f5","variant_background_color":"#ffffff","variant_text_color":"#000000","variant_border_color":"#eae8e6","variant_hover_background_color":"#f5f5f5","variant_hover_text_color":"#000000","variant_hover_border_color":"#e6e6e6","selected_variant_background_color":"#000000","selected_variant_text_color":"#ffffff","selected_variant_border_color":"#000000","selected_variant_hover_background_color":"#1a1a1a","selected_variant_hover_text_color":"#ffffff","selected_variant_hover_border_color":"#1a1a1a"}},"scheme-2":{"settings":{"background":"#7d5449","foreground_heading":"#ffffff","foreground":"#ffffffcf","primary":"#ffffff","primary_hover":"#ffffff7d","border":"#e6e6e6","shadow":"#000000","primary_button_background":"#000000b5","primary_button_text":"#ffffff","primary_button_border":"#000000","primary_button_hover_background":"#000000","primary_button_hover_text":"#ffffff","primary_button_hover_border":"#000000b5","secondary_button_background":"#ffffff99","secondary_button_text":"#000000","secondary_button_border":"#ffffff99","secondary_button_hover_background":"#ffffff","secondary_button_hover_text":"#000000","secondary_button_hover_border":"#ffffff","input_background":"#ffffff99","input_text_color":"#000000","input_border_color":"rgba(0,0,0,0)","input_hover_background":"#ffffffad","variant_background_color":"#ffffff99","variant_text_color":"#000000","variant_border_color":"rgba(0,0,0,0)","variant_hover_background_color":"#f5f5f5","variant_hover_text_color":"#000000","variant_hover_border_color":"#e6e6e6","selected_variant_background_color":"#000000b5","selected_variant_text_color":"#ffffff","selected_variant_border_color":"#000000b5","selected_variant_hover_background_color":"#54352e","selected_variant_hover_text_color":"#ffffff","selected_variant_hover_border_color":"#54352e"}},"scheme-3":{"settings":{"background":"#454f55","foreground_heading":"#ffffff","foreground":"#ffffff","primary":"#efefef","primary_hover":"#ffffff7d","border":"#e6e6e6","shadow":"#000000","primary_button_background":"#000000b5","primary_button_text":"#ffffff","primary_button_border":"#000000b5","primary_button_hover_background":"#000000","primary_button_hover_text":"#ffffff","primary_button_hover_border":"#000000","secondary_button_background":"#ffffff99","secondary_button_text":"#000000","secondary_button_border":"#ffffff99","secondary_button_hover_background":"#ffffff","secondary_button_hover_text":"#000000","secondary_button_hover_border":"#ffffff","input_background":"#ffffff99","input_text_color":"#000000","input_border_color":"#ffffff99","input_hover_background":"#ffffffad","variant_background_color":"#ffffff","variant_text_color":"#000000","variant_border_color":"#e6e6e6","variant_hover_background_color":"#f5f5f5","variant_hover_text_color":"#000000","variant_hover_border_color":"#e6e6e6","selected_variant_background_color":"#000000","selected_variant_text_color":"#ffffff","selected_variant_border_color":"#000000","selected_variant_hover_background_color":"#1a1a1a","selected_variant_hover_text_color":"#ffffff","selected_variant_hover_border_color":"#1a1a1a"}},"scheme-4":{"settings":{"background":"#e9e4e0","foreground_heading":"#433625e0","foreground":"#433625","primary":"#52504e","primary_hover":"#000000","border":"#43362526","shadow":"#000000","primary_button_background":"#433625","primary_button_text":"#ffffff","primary_button_border":"#433625","primary_button_hover_background":"#000000","primary_button_hover_text":"#ffffff","primary_button_hover_border":"#000000","secondary_button_background":"#ffffff99","secondary_button_text":"#433625","secondary_button_border":"#ffffff99","secondary_button_hover_background":"#ffffff","secondary_button_hover_text":"#433625","secondary_button_hover_border":"#ffffff","input_background":"#ffffff99","input_text_color":"#433625","input_border_color":"#43362526","input_hover_background":"#ffffffad","variant_background_color":"#ffffff","variant_text_color":"#433625","variant_border_color":"#e6e6e6","variant_hover_background_color":"#f5f5f5","variant_hover_text_color":"#000000","variant_hover_border_color":"#f5f5f5","selected_variant_background_color":"#433625","selected_variant_text_color":"#ffffff","selected_variant_border_color":"#433625","selected_variant_hover_background_color":"#1a1a1a","selected_variant_hover_text_color":"#ffffff","selected_variant_hover_border_color":"#1a1a1a"}},"scheme-5":{"settings":{"background":"#3e4539","foreground_heading":"#ffffff","foreground":"#ffffff","primary":"#ffffff","primary_hover":"#eae8e6","border":"#eae8e6","shadow":"#000000","primary_button_background":"#000000","primary_button_text":"#ffffff","primary_button_border":"#000000","primary_button_hover_background":"#e6e6e6","primary_button_hover_text":"#000000","primary_button_hover_border":"#e6e6e6","secondary_button_background":"#ffffff99","secondary_button_text":"#000000","secondary_button_border":"#ffffff99","secondary_button_hover_background":"#ffffff","secondary_button_hover_text":"#000000","secondary_button_hover_border":"#ffffff","input_background":"#ffffff","input_text_color":"#000000","input_border_color":"#00000014","input_hover_background":"#f5f5f5","variant_background_color":"#3e4539","variant_text_color":"#ffffff","variant_border_color":"#e6e6e6","variant_hover_background_color":"#6b7464","variant_hover_text_color":"#ffffff","variant_hover_border_color":"#e6e6e6","selected_variant_background_color":"#ffffff","selected_variant_text_color":"#3e4539","selected_variant_border_color":"#3e4539","selected_variant_hover_background_color":"#ffffff26","selected_variant_hover_text_color":"#3e4539","selected_variant_hover_border_color":"#3e4539"}},"scheme-6":{"settings":{"background":"rgba(0,0,0,0)","foreground_heading":"#ffffff","foreground":"#ffffff","primary":"#ffffff","primary_hover":"#e6e6e6","border":"rgba(0,0,0,0)","shadow":"rgba(0,0,0,0)","primary_button_background":"#ffffff","primary_button_text":"#000000","primary_button_border":"#ffffff","primary_button_hover_background":"#000000b5","primary_button_hover_text":"#ffffff","primary_button_hover_border":"#000000b5","secondary_button_background":"#ffffff99","secondary_button_text":"#000000","secondary_button_border":"#ffffff99","secondary_button_hover_background":"#000000b5","secondary_button_hover_text":"#ffffff","secondary_button_hover_border":"#000000b5","input_background":"#ffffff99","input_text_color":"#000000","input_border_color":"#ffffff99","input_hover_background":"#f5f5f5","variant_background_color":"#ffffff","variant_text_color":"#000000","variant_border_color":"#e6e6e6","variant_hover_background_color":"#f5f5f5","variant_hover_text_color":"#000000","variant_hover_border_color":"#e6e6e6","selected_variant_background_color":"#000000","selected_variant_text_color":"#ffffff","selected_variant_border_color":"#000000","selected_variant_hover_background_color":"#1a1a1a","selected_variant_hover_text_color":"#ffffff","selected_variant_hover_border_color":"#1a1a1a"}},"scheme-7":{"settings":{"background":"rgba(0,0,0,0)","foreground_heading":"#000000","foreground":"#000000","primary":"#000000","primary_hover":"#000000b5","border":"#e6e6e6","shadow":"#000000","primary_button_background":"#000000","primary_button_text":"#ffffff","primary_button_border":"#000000","primary_button_hover_background":"#000000b5","primary_button_hover_text":"#ffffff","primary_button_hover_border":"#000000b5","secondary_button_background":"#e6e6e6","secondary_button_text":"#000000","secondary_button_border":"#e6e6e6","secondary_button_hover_background":"#000000b5","secondary_button_hover_text":"#ffffff","secondary_button_hover_border":"#000000b5","input_background":"#ffffff","input_text_color":"#000000","input_border_color":"#000000","input_hover_background":"#f5f5f5","variant_background_color":"#ffffff","variant_text_color":"#000000","variant_border_color":"#e6e6e6","variant_hover_background_color":"#f5f5f5","variant_hover_text_color":"#000000","variant_hover_border_color":"#e6e6e6","selected_variant_background_color":"#000000","selected_variant_text_color":"#ffffff","selected_variant_border_color":"#000000","selected_variant_hover_background_color":"#1a1a1a","selected_variant_hover_text_color":"#ffffff","selected_variant_hover_border_color":"#1a1a1a"}}}}}}